Invoice_No,Date,Seller_State,Customer_State,Category,Product,Quantity,Unit_Price,GST_Rate,Taxable_Value,GST_Amount,Invoice_Total,Supply_Type,CGST,SGST,IGST,Month
INV001,2026-01-05,Tamil Nadu,Tamil Nadu,Stationery,Notebook,20,120,0.18,2400,432.0,2832.0,Intra-State,216.0,216.0,0.0,2026-01
INV002,2026-01-08,Tamil Nadu,Kerala,Electronics,Keyboard,5,1800,0.18,9000,1620.0,10620.0,Inter-State,0.0,0.0,1620.0,2026-01
INV003,2026-01-15,Tamil Nadu,Tamil Nadu,Electronics,Monitor,3,14000,0.18,42000,7560.0,49560.0,Intra-State,3780.0,3780.0,0.0,2026-01
INV004,2026-02-02,Tamil Nadu,Karnataka,Accessories,Headphones,10,2500,0.18,25000,4500.0,29500.0,Inter-State,0.0,0.0,4500.0,2026-02
INV005,2026-02-10,Tamil Nadu,Tamil Nadu,Stationery,Pen Set,50,80,0.12,4000,480.0,4480.0,Intra-State,240.0,240.0,0.0,2026-02
INV006,2026-02-18,Tamil Nadu,Andhra Pradesh,Electronics,Smartphone,4,28000,0.18,112000,20160.0,132160.0,Inter-State,0.0,0.0,20160.0,2026-02
INV007,2026-03-03,Tamil Nadu,Tamil Nadu,Office,Printer,2,16500,0.18,33000,5940.0,38940.0,Intra-State,2970.0,2970.0,0.0,2026-03
INV008,2026-03-12,Tamil Nadu,Kerala,Stationery,Files,30,150,0.18,4500,810.0,5310.0,Inter-State,0.0,0.0,810.0,2026-03
INV009,2026-03-21,Tamil Nadu,Tamil Nadu,Electronics,Laptop,2,55000,0.18,110000,19800.0,129800.0,Intra-State,9900.0,9900.0,0.0,2026-03
INV010,2026-04-06,Tamil Nadu,Karnataka,Office,Office Chair,6,7500,0.18,45000,8100.0,53100.0,Inter-State,0.0,0.0,8100.0,2026-04
INV011,2026-04-16,Tamil Nadu,Tamil Nadu,Stationery,Register,25,180,0.12,4500,540.0,5040.0,Intra-State,270.0,270.0,0.0,2026-04
INV012,2026-04-27,Tamil Nadu,Andhra Pradesh,Accessories,Mouse,20,900,0.18,18000,3240.0,21240.0,Inter-State,0.0,0.0,3240.0,2026-04
INV013,2026-05-04,Tamil Nadu,Tamil Nadu,Electronics,Monitor,4,14000,0.18,56000,10080.0,66080.0,Intra-State,5040.0,5040.0,0.0,2026-05
INV014,2026-05-15,Tamil Nadu,Kerala,Stationery,Notebook,40,120,0.18,4800,864.0,5664.0,Inter-State,0.0,0.0,864.0,2026-05
INV015,2026-05-26,Tamil Nadu,Tamil Nadu,Office,Printer,1,16500,0.18,16500,2970.0,19470.0,Intra-State,1485.0,1485.0,0.0,2026-05
INV016,2026-06-05,Tamil Nadu,Karnataka,Electronics,Smartphone,3,28000,0.18,84000,15120.0,99120.0,Inter-State,0.0,0.0,15120.0,2026-06
INV017,2026-06-14,Tamil Nadu,Tamil Nadu,Stationery,Pen Set,80,80,0.12,6400,768.0,7168.0,Intra-State,384.0,384.0,0.0,2026-06
INV018,2026-06-25,Tamil Nadu,Tamil Nadu,Electronics,Laptop,1,55000,0.18,55000,9900.0,64900.0,Intra-State,4950.0,4950.0,0.0,2026-06
